id,first_name,last_name,email,gender,ip_address
1,Reece,Husselbee,rhusselbee0@sun.com,Male,122.105.127.177
2,Sutton,Spearett,sspearett1@newsvine.com,Male,119.76.49.222
3,Coletta,Meco,cmeco2@upenn.edu,Female,143.215.180.50
4,Laural,Videler,lvideler3@google.co.uk,Bigender,36.34.175.29
5,Daryn,Seywood,dseywood4@tumblr.com,Female,213.60.114.80
6,Tybie,Meekins,tmeekins5@1688.com,Female,121.11.148.227
7,Nickie,Power,npower6@vk.com,Bigender,170.220.140.206
8,Jodie,Veal,jveal7@amazon.co.jp,Non-binary,45.68.154.37
9,Daryl,Peaker,dpeaker8@wufoo.com,Male,200.224.120.217
10,Drucill,Treadgall,dtreadgall9@wisc.edu,Female,26.137.79.191
11,Worden,Challace,wchallacea@state.gov,Male,175.180.49.245
12,Mada,Fitzsimmons,mfitzsimmonsb@toplist.cz,Female,241.188.102.120
13,Gerek,Daymond,gdaymondc@tripadvisor.com,Bigender,222.49.92.110
14,Kattie,Wroughton,kwroughtond@sourceforge.net,Female,224.143.7.101
15,Ellswerth,Westmoreland,ewestmorelande@webeden.co.uk,Male,199.205.189.56
16,Cazzie,Beiderbecke,cbeiderbeckef@nps.gov,Male,104.239.135.127
17,Maribel,Dibdale,mdibdaleg@phoca.cz,Female,161.11.66.175
18,Tammara,Corradi,tcorradih@utexas.edu,Female,160.205.100.14
19,Cherlyn,Celle,ccellei@msu.edu,Female,172.203.75.197
20,Rockey,Bance,rbancej@usgs.gov,Male,42.109.15.214
21,Ellswerth,Wright,ewrightk@illinois.edu,Bigender,109.247.37.71
22,Kerri,Dorracott,kdorracottl@tmall.com,Female,134.231.160.77
23,Norby,Bartlet,nbartletm@eepurl.com,Male,154.14.16.38
24,Tim,Rosenboim,trosenboimn@qq.com,Female,146.154.143.245
25,Addie,Standell,astandello@netlog.com,Male,22.150.80.70
26,Ami,Cromer,acromerp@studiopress.com,Female,32.145.154.21
27,Krissie,Elsmore,kelsmoreq@cbc.ca,Female,138.155.134.19
28,North,Gloucester,ngloucesterr@fotki.com,Male,111.248.244.249
29,Towny,Pace,tpaces@amazonaws.com,Male,94.229.87.202
30,Shanda,Rogez,srogezt@usda.gov,Female,82.193.15.203
31,Ruthanne,Chidley,rchidleyu@bandcamp.com,Female,27.184.111.153
32,Annmaria,Reef,areefv@eventbrite.com,Female,96.82.88.36
33,Amabelle,Guillem,aguillemw@tripod.com,Female,90.14.47.41
34,Sherlock,Eastmond,seastmondx@howstuffworks.com,Male,158.229.254.255
35,Alexina,Briffett,abriffetty@edublogs.org,Female,27.205.78.217
36,Colleen,Basson,cbassonz@slideshare.net,Female,196.230.249.202
37,Silvana,Ommundsen,sommundsen10@ebay.co.uk,Female,77.39.139.11
38,Shanie,Depper,sdepper11@cafepress.com,Female,209.172.131.225
39,Bert,Vallentine,bvallentine12@globo.com,Male,130.120.110.47
40,Derrek,Humble,dhumble13@studiopress.com,Male,233.93.254.54
41,Jillene,Antoniou,jantoniou14@theatlantic.com,Female,150.53.133.255
42,Eduino,Brigshaw,ebrigshaw15@tripadvisor.com,Male,252.21.216.150
43,Burk,Hallward,bhallward16@noaa.gov,Male,160.190.126.38
44,Husein,Pala,hpala17@scribd.com,Male,64.45.65.212
45,Thorvald,Frear,tfrear18@tripod.com,Male,42.91.100.139
46,Danica,Bragger,dbragger19@flavors.me,Female,33.146.162.195
47,Hamil,Amorts,hamorts1a@macromedia.com,Male,250.2.55.230
48,Pyotr,Duckerin,pduckerin1b@linkedin.com,Male,161.188.152.5
49,Shir,Zanini,szanini1c@intel.com,Female,148.252.50.206
50,Berny,Eidler,beidler1d@angelfire.com,Female,237.178.62.189
51,Raffarty,Mosdall,rmosdall1e@walmart.com,Male,181.17.9.162
52,Linette,Kingman,lkingman1f@macromedia.com,Female,6.126.53.182
53,Belia,O'Reilly,boreilly1g@senate.gov,Agender,88.168.138.53
54,Nicoli,Holt,nholt1h@rediff.com,Female,51.47.45.208
55,Mureil,Kyneton,mkyneton1i@bluehost.com,Agender,172.178.17.176
56,Eloisa,Seally,eseally1j@google.com,Polygender,63.155.99.179
57,Kirsten,Summerskill,ksummerskill1k@bloomberg.com,Female,108.108.129.185
58,Dory,Grigore,dgrigore1l@linkedin.com,Male,20.185.103.187
59,Cecile,Vasyanin,cvasyanin1m@macromedia.com,Female,127.208.225.89
60,Hinze,Poltun,hpoltun1n@goo.gl,Male,130.27.137.4
61,Max,Hynd,mhynd1o@imgur.com,Bigender,84.198.209.4
62,Anette,Boddie,aboddie1p@moonfruit.com,Female,117.50.217.221
63,Alfonse,Deinhardt,adeinhardt1q@guardian.co.uk,Agender,203.75.94.239
64,Evvie,Patching,epatching1r@umn.edu,Female,173.185.30.243
65,Valentin,Boak,vboak1s@github.io,Male,241.98.13.226
66,Putnam,Imesson,pimesson1t@sitemeter.com,Male,204.192.42.91
67,Luciano,Strand,lstrand1u@huffingtonpost.com,Male,249.128.255.160
68,Mikel,Cullip,mcullip1v@cdc.gov,Male,88.182.191.127
69,Arlen,Fransson,afransson1w@cnet.com,Female,206.135.46.74
70,Shannon,Marns,smarns1x@skype.com,Male,61.238.22.30
71,Brien,Pattisson,bpattisson1y@rediff.com,Male,32.206.60.14
72,Bette,Drabble,bdrabble1z@microsoft.com,Female,20.71.37.218
73,Aldric,Sedgebeer,asedgebeer20@jalbum.net,Male,182.218.106.15
74,Jojo,Itzchaky,jitzchaky21@xrea.com,Female,22.196.88.158
75,Henderson,Arnfield,harnfield22@state.gov,Male,236.233.129.32
76,Kimberlee,La Croce,klacroce23@creativecommons.org,Female,254.21.148.71
77,Thorndike,Jewise,tjewise24@flickr.com,Male,154.179.9.55
78,Grethel,Baroche,gbaroche25@blogtalkradio.com,Female,101.83.92.171
79,Alonzo,Cawdery,acawdery26@pen.io,Male,155.48.214.234
80,Denis,Wimpeney,dwimpeney27@fema.gov,Genderfluid,109.238.35.171
81,Lucie,Trengrove,ltrengrove28@sciencedirect.com,Female,39.174.232.110
82,Erena,Bettington,ebettington29@dailymail.co.uk,Female,206.246.251.169
83,Sande,Lepick,slepick2a@uol.com.br,Genderqueer,255.198.18.203
84,Lilith,Le Lievre,llelievre2b@rediff.com,Female,21.13.7.243
85,Waylan,Chimes,wchimes2c@ow.ly,Male,219.39.88.22
86,Lenee,Pates,lpates2d@paginegialle.it,Female,61.218.75.122
87,Merilee,Ancketill,mancketill2e@constantcontact.com,Female,250.217.152.69
88,Erina,Halfhead,ehalfhead2f@goo.ne.jp,Female,65.27.172.180
89,Marillin,Darrigone,mdarrigone2g@chronoengine.com,Female,180.132.44.228
90,Hazlett,Govey,hgovey2h@newyorker.com,Male,168.80.158.243
91,Blake,Harpin,bharpin2i@google.it,Male,48.50.233.85
92,Shaun,Croft,scroft2j@spotify.com,Female,91.88.166.134
93,Barbra,Luxton,bluxton2k@apple.com,Bigender,208.7.141.217
94,Ilyssa,Lockney,ilockney2l@opensource.org,Female,125.26.53.153
95,Johanna,Witherby,jwitherby2m@flickr.com,Female,159.227.108.202
96,Dora,Youson,dyouson2n@paypal.com,Non-binary,162.219.42.183
97,Chantalle,Skilbeck,cskilbeck2o@whitehouse.gov,Female,140.209.205.197
98,Elle,Markie,emarkie2p@live.com,Female,141.183.16.30
99,Blair,Renault,brenault2q@indiatimes.com,Male,216.92.84.195
100,Floris,Deville,fdeville2r@vimeo.com,Female,117.209.105.95
101,Marsiella,Littlejohns,mlittlejohns2s@indiegogo.com,Female,70.17.206.218
102,Jany,Armes,jarmes2t@sina.com.cn,Female,94.117.119.118
103,Clayson,Sollner,csollner2u@posterous.com,Male,88.169.106.206
104,Ricki,Matysik,rmatysik2v@google.ru,Female,116.242.62.2
105,Denver,Alred,dalred2w@ucoz.ru,Male,25.14.52.121
106,Lettie,Bittlestone,lbittlestone2x@biblegateway.com,Female,195.62.27.120
107,Carmen,Ventam,cventam2y@irs.gov,Female,54.252.114.178
108,Marlene,Druhan,mdruhan2z@reference.com,Female,243.159.183.32
109,Gaynor,Tonna,gtonna30@ucoz.ru,Female,176.21.208.34
110,Ewell,Notley,enotley31@bloomberg.com,Male,232.228.57.165
111,Randal,Baptiste,rbaptiste32@simplemachines.org,Male,129.36.95.14
112,Wilmar,Colbrun,wcolbrun33@usnews.com,Male,91.209.113.255
113,Sheila,Brannan,sbrannan34@amazon.com,Female,216.59.115.114
114,Amy,Whittet,awhittet35@ning.com,Female,177.36.27.188
115,Jeffie,Zorro,jzorro36@infoseek.co.jp,Male,62.84.170.20
116,Iona,Normansell,inormansell37@utexas.edu,Female,68.203.246.37
117,Hadrian,Hadkins,hhadkins38@1688.com,Male,41.72.133.86
118,Bentley,Rickard,brickard39@comsenz.com,Male,238.97.247.187
119,Dede,Beelby,dbeelby3a@tripod.com,Female,170.101.165.167
120,Brunhilde,Sturr,bsturr3b@apple.com,Female,110.153.183.149
121,Leroy,Lowell,llowell3c@paginegialle.it,Male,180.161.21.65
122,Lewes,Sinnett,lsinnett3d@nyu.edu,Male,13.3.118.45
123,Lillian,Tomankowski,ltomankowski3e@ebay.com,Female,233.48.230.103
124,Padgett,Gooding,pgooding3f@theatlantic.com,Male,45.58.179.163
125,Roi,Simonelli,rsimonelli3g@princeton.edu,Male,34.56.119.234
126,Andriana,Jacop,ajacop3h@bigcartel.com,Female,162.104.98.35
127,Ritchie,Hintze,rhintze3i@nhs.uk,Male,123.110.108.170
128,Sande,Marns,smarns3j@wisc.edu,Female,131.69.190.236
129,Wanda,Yurygyn,wyurygyn3k@ezinearticles.com,Female,31.213.42.196
130,Serge,Commusso,scommusso3l@phoca.cz,Male,97.171.57.6
131,Nev,Skepper,nskepper3m@forbes.com,Male,161.106.79.166
132,Garrett,Madden,gmadden3n@aboutads.info,Male,45.110.226.240
133,Matthiew,MacMeeking,mmacmeeking3o@discuz.net,Male,194.35.178.10
134,Cassi,Rhucroft,crhucroft3p@google.fr,Female,41.129.160.254
135,Olympe,Huriche,ohuriche3q@kickstarter.com,Female,128.42.177.217
136,Darb,Sadry,dsadry3r@booking.com,Male,181.81.151.251
137,Victoria,Rosevear,vrosevear3s@fotki.com,Female,127.22.127.13
138,Bentley,Matteris,bmatteris3t@ftc.gov,Polygender,130.167.20.205
139,Kippie,Hairsine,khairsine3u@barnesandnoble.com,Female,199.209.116.169
140,Sabine,Butland,sbutland3v@dmoz.org,Female,189.83.91.59
141,Raff,Cornford,rcornford3w@canalblog.com,Male,193.103.99.185
142,Alica,Renzo,arenzo3x@topsy.com,Female,226.233.112.222
143,Keefe,Backs,kbacks3y@1688.com,Male,51.149.244.172
144,Glenn,Danskine,gdanskine3z@miibeian.gov.cn,Female,179.37.88.9
145,Raff,Olenikov,rolenikov40@hc360.com,Male,106.116.176.235
146,Frank,Copcote,fcopcote41@themeforest.net,Male,95.133.66.55
147,Chrissy,Summerbell,csummerbell42@house.gov,Male,118.234.153.84
148,Bil,Pittock,bpittock43@google.ru,Male,178.244.240.136
149,Hyatt,Whapple,hwhapple44@instagram.com,Non-binary,251.68.159.161
150,Rozalin,Normansell,rnormansell45@is.gd,Female,118.49.182.95
151,Hillyer,Adanet,hadanet46@photobucket.com,Male,76.237.245.111
152,Jeremiah,Wallen,jwallen47@un.org,Male,189.98.119.216
153,Eartha,Picardo,epicardo48@rambler.ru,Female,238.212.86.227
154,Aleda,Toler,atoler49@sitemeter.com,Female,32.151.245.55
155,Tanner,Eschelle,teschelle4a@cnn.com,Male,231.218.180.3
156,Hatty,Krook,hkrook4b@intel.com,Female,223.113.139.121
157,Silvana,Shoebotham,sshoebotham4c@paginegialle.it,Female,236.154.214.192
158,Perren,Gostage,pgostage4d@typepad.com,Male,237.93.158.212
159,Garvy,Odo,godo4e@nps.gov,Male,147.210.103.177
160,Marja,Steeden,msteeden4f@google.co.jp,Bigender,172.249.214.131
161,Inglis,Marti,imarti4g@globo.com,Male,101.244.247.147
162,Stella,Cayzer,scayzer4h@cargocollective.com,Female,165.155.97.208
163,Adair,Serridge,aserridge4i@sogou.com,Male,41.44.50.11
164,Stu,Critten,scritten4j@ebay.co.uk,Male,150.26.131.127
165,Roseanna,Hayball,rhayball4k@imgur.com,Female,219.111.138.92
166,Lisle,Torbett,ltorbett4l@live.com,Male,65.39.201.38
167,Ronalda,Berzen,rberzen4m@geocities.jp,Female,55.6.237.2
168,Porty,Varrow,pvarrow4n@xinhuanet.com,Male,174.157.234.248
169,Netti,Storry,nstorry4o@cnbc.com,Female,236.16.110.213
170,Virgie,Vasiliev,vvasiliev4p@phpbb.com,Male,95.169.119.33
171,Thibaut,Romanski,tromanski4q@auda.org.au,Bigender,174.27.151.84
172,Susan,Clew,sclew4r@squarespace.com,Female,101.178.77.150
173,Winne,Barkshire,wbarkshire4s@nbcnews.com,Female,91.11.44.113
174,Thomas,Segoe,tsegoe4t@mozilla.com,Male,3.143.56.80
175,Shaw,Lapish,slapish4u@rakuten.co.jp,Male,166.206.248.7
176,Zared,Dyster,zdyster4v@fastcompany.com,Male,139.178.254.121
177,Leupold,Roulston,lroulston4w@list-manage.com,Male,243.4.2.35
178,Randal,Duell,rduell4x@latimes.com,Male,14.102.131.18
179,Bren,Ballister,bballister4y@google.fr,Male,204.54.251.145
180,Richardo,Toolan,rtoolan4z@storify.com,Male,89.48.34.170
181,Vick,McEniry,vmceniry50@wired.com,Genderfluid,194.157.156.0
182,Urson,Carrabot,ucarrabot51@dailymotion.com,Male,27.17.160.33
183,Teddy,Houseman,thouseman52@sohu.com,Male,233.57.39.123
184,Gilberte,Orchart,gorchart53@boston.com,Female,223.21.244.255
185,Brandice,Paschek,bpaschek54@joomla.org,Female,140.188.123.214
186,Abrahan,Jinkinson,ajinkinson55@csmonitor.com,Male,176.87.37.117
187,Ferdinanda,Rajchert,frajchert56@liveinternet.ru,Female,155.185.166.141
188,Blisse,Rzehorz,brzehorz57@chron.com,Female,236.0.46.254
189,Robyn,Herrieven,rherrieven58@example.com,Agender,68.38.148.103
190,Joycelin,Dakhno,jdakhno59@marketwatch.com,Female,32.55.51.196
191,Joni,Gery,jgery5a@craigslist.org,Female,180.229.4.146
192,Jethro,Barratt,jbarratt5b@mashable.com,Male,72.199.239.217
193,Nick,Ubanks,nubanks5c@reference.com,Male,162.18.35.194
194,Normie,Shankland,nshankland5d@wunderground.com,Polygender,127.157.193.66
195,Felisha,Hamshere,fhamshere5e@dmoz.org,Female,250.124.249.74
196,Jessamyn,Godly,jgodly5f@house.gov,Female,223.14.92.151
197,Stacia,Jallin,sjallin5g@wikipedia.org,Female,167.140.15.44
198,Brandon,Weston,bweston5h@earthlink.net,Male,194.147.206.18
199,Bennie,Thridgould,bthridgould5i@bravesites.com,Male,124.240.117.221
200,Ransom,Hazel,rhazel5j@altervista.org,Male,165.66.169.228
201,Shelley,Vasilechko,svasilechko5k@walmart.com,Male,157.198.209.255
202,Frankie,Pimmocke,fpimmocke5l@microsoft.com,Agender,253.250.107.71
203,Bekki,Ginglell,bginglell5m@networkadvertising.org,Female,179.144.203.174
204,Nataline,Uren,nuren5n@bloglovin.com,Genderqueer,240.133.245.184
205,Marsha,Shemmans,mshemmans5o@gov.uk,Female,73.146.30.54
206,Jesselyn,MacCurley,jmaccurley5p@networkadvertising.org,Female,86.207.172.73
207,Heddie,Godley,hgodley5q@slideshare.net,Agender,166.210.48.93
208,Porty,Sharpless,psharpless5r@odnoklassniki.ru,Agender,21.151.39.13
209,Arda,Kettlestring,akettlestring5s@census.gov,Polygender,165.122.167.136
210,Shani,Akenhead,sakenhead5t@bandcamp.com,Female,119.161.2.8
211,Reuven,Girkin,rgirkin5u@macromedia.com,Male,96.101.101.10
212,Wandie,Beddon,wbeddon5v@networkadvertising.org,Female,152.225.207.228
213,Edeline,Leivesley,eleivesley5w@unblog.fr,Female,78.154.73.27
214,Barnabas,Fairtlough,bfairtlough5x@sfgate.com,Bigender,46.114.213.199
215,Anni,Kilbane,akilbane5y@vimeo.com,Female,19.25.154.131
216,Chelsae,Jeffries,cjeffries5z@constantcontact.com,Female,98.160.109.241
217,Joline,O'Driscoll,jodriscoll60@examiner.com,Female,98.148.43.226
218,Durand,Stockey,dstockey61@narod.ru,Male,45.186.181.92
219,Herb,Yearn,hyearn62@google.com.au,Male,209.66.133.104
220,Rozina,Mollison,rmollison63@sbwire.com,Female,55.62.30.206
221,Susanetta,Chitty,schitty64@ftc.gov,Female,228.42.20.206
222,Corie,Dog,cdog65@bloomberg.com,Female,154.25.46.249
223,Pammi,Kearle,pkearle66@pinterest.com,Female,12.163.157.176
224,Hewitt,Gillyatt,hgillyatt67@netvibes.com,Male,44.158.158.125
225,Hobey,Loins,hloins68@artisteer.com,Polygender,102.61.152.229
226,Terrell,Skinley,tskinley69@skype.com,Male,220.19.39.45
227,Myron,Betke,mbetke6a@abc.net.au,Male,44.198.0.189
228,Early,Schruur,eschruur6b@ftc.gov,Male,4.30.143.134
229,Monique,Kentish,mkentish6c@stumbleupon.com,Female,36.194.30.126
230,Madelyn,Ledstone,mledstone6d@dailymotion.com,Female,117.220.176.142
231,Cosetta,Iacovazzi,ciacovazzi6e@gov.uk,Female,9.31.135.10
232,Aldis,Ciementini,aciementini6f@addthis.com,Male,101.240.101.191
233,Amity,Cromie,acromie6g@boston.com,Female,183.232.58.121
234,Roseann,O'Connor,roconnor6h@google.de,Female,234.94.214.250
235,Ginger,Biddulph,gbiddulph6i@google.fr,Male,194.245.193.217
236,Sayres,Cursons,scursons6j@wikia.com,Male,132.183.87.187
237,Beale,Cannan,bcannan6k@com.com,Male,95.244.59.96
238,Karleen,Jasik,kjasik6l@marketwatch.com,Female,212.65.181.71
239,Galina,Falconer,gfalconer6m@ft.com,Female,164.96.118.117
240,Aeriel,Prater,aprater6n@unesco.org,Female,10.214.48.117
241,Christoph,Pittman,cpittman6o@japanpost.jp,Polygender,108.247.147.95
242,Tildi,Lowten,tlowten6p@mtv.com,Female,217.83.212.20
243,Gabriello,Lamburn,glamburn6q@blinklist.com,Male,192.111.1.244
244,Beniamino,Vedenichev,bvedenichev6r@hexun.com,Male,103.217.136.110
245,Leone,Merrett,lmerrett6s@boston.com,Female,77.106.124.77
246,Ailbert,Everix,aeverix6t@parallels.com,Male,73.156.184.194
247,Corny,Prendergrass,cprendergrass6u@biblegateway.com,Male,115.125.51.181
248,Dean,Duguid,dduguid6v@nydailynews.com,Male,0.125.14.253
249,Ricca,Wildsmith,rwildsmith6w@amazon.co.uk,Non-binary,62.79.173.206
250,Upton,Cram,ucram6x@uol.com.br,Genderqueer,160.95.84.209
251,Roobbie,Jacquet,rjacquet6y@redcross.org,Female,235.47.65.83
252,Callie,Balaizot,cbalaizot6z@hc360.com,Non-binary,235.138.247.189
253,Karisa,Axe,kaxe70@e-recht24.de,Female,55.196.71.185
254,Worthington,Petts,wpetts71@wikimedia.org,Male,43.138.153.236
255,Ashlin,Marston,amarston72@bizjournals.com,Male,18.127.197.228
256,Lilly,Boobier,lboobier73@japanpost.jp,Female,18.21.197.59
257,Sharity,Laye,slaye74@reuters.com,Female,43.214.209.152
258,Bobbye,Dyne,bdyne75@baidu.com,Female,122.90.95.250
259,Pieter,Shiel,pshiel76@list-manage.com,Male,7.6.48.51
260,Karilynn,Exell,kexell77@ted.com,Female,225.84.192.53
261,Ben,Raffon,braffon78@clickbank.net,Male,136.74.137.97
262,Inglis,Hassard,ihassard79@blogspot.com,Male,15.83.151.87
263,Alexei,Pickworth,apickworth7a@marriott.com,Male,193.36.226.83
264,Nancie,Schaumaker,nschaumaker7b@chron.com,Female,53.211.108.147
265,Sigrid,Millen,smillen7c@moonfruit.com,Female,111.177.16.10
266,Marion,Cornford,mcornford7d@t.co,Female,165.44.102.78
267,Yance,Bulpitt,ybulpitt7e@comcast.net,Male,106.99.182.212
268,Thibaud,Skarr,tskarr7f@imdb.com,Genderqueer,97.4.160.54
269,Florry,Volante,fvolante7g@fastcompany.com,Female,98.86.149.199
270,Lorri,Mutter,lmutter7h@webmd.com,Genderqueer,194.255.192.206
271,Murvyn,Streather,mstreather7i@networkadvertising.org,Male,210.25.125.23
272,Inglis,Shirley,ishirley7j@omniture.com,Male,184.114.111.230
273,Shoshana,Crimes,scrimes7k@wikipedia.org,Female,132.117.219.176
274,Geralda,Warmington,gwarmington7l@ebay.co.uk,Bigender,248.44.17.92
275,Renelle,Leith,rleith7m@whitehouse.gov,Female,35.238.2.219
276,Illa,Gheraldi,igheraldi7n@princeton.edu,Female,61.23.148.98
277,Anna,Slatcher,aslatcher7o@youtube.com,Bigender,182.112.120.188
278,Basilius,Steanyng,bsteanyng7p@bandcamp.com,Male,94.61.90.172
279,Brnaby,Von Oertzen,bvonoertzen7q@usda.gov,Male,164.162.127.14
280,Catarina,Giacomasso,cgiacomasso7r@imgur.com,Female,210.132.169.222
281,Rosalind,MacIan,rmacian7s@friendfeed.com,Female,179.207.170.155
282,Frederich,Dinsell,fdinsell7t@usatoday.com,Male,142.41.64.31
283,Doralynn,Loble,dloble7u@ycombinator.com,Female,74.110.149.52
284,Micky,Figure,mfigure7v@discovery.com,Male,0.145.91.61
285,Jillian,Lampen,jlampen7w@engadget.com,Female,88.234.193.34
286,Bowie,Tarren,btarren7x@boston.com,Male,137.244.178.39
287,Janeczka,Philip,jphilip7y@hud.gov,Female,244.182.106.231
288,Merrill,Geffe,mgeffe7z@cafepress.com,Male,13.13.18.156
289,Lodovico,Lovie,llovie80@photobucket.com,Male,251.192.13.34
290,Broddie,Udden,budden81@blogspot.com,Male,35.26.112.47
291,Manfred,Russell,mrussell82@delicious.com,Male,2.158.69.30
292,Lyndel,Hearons,lhearons83@addthis.com,Female,237.230.44.129
293,Wolfie,Fessier,wfessier84@mail.ru,Male,154.166.208.247
294,Krissie,Beasant,kbeasant85@craigslist.org,Female,178.170.181.28
295,Cherey,Watmough,cwatmough86@reverbnation.com,Female,94.91.129.241
296,Gaylene,Brideau,gbrideau87@ucsd.edu,Female,19.241.30.72
297,Ephrem,Rosario,erosario88@nhs.uk,Male,12.193.125.97
298,Nickola,Gorler,ngorler89@a8.net,Male,109.50.97.123
299,Arron,Cornthwaite,acornthwaite8a@archive.org,Male,240.98.189.176
300,Mariquilla,Lusgdin,mlusgdin8b@xrea.com,Genderqueer,136.126.190.115
301,Nady,Fadden,nfadden8c@cdc.gov,Female,132.194.211.37
302,Viviyan,Abramowitch,vabramowitch8d@apple.com,Female,187.117.20.57
303,Amalee,Kettoe,akettoe8e@cisco.com,Genderqueer,174.205.253.88
304,Lexy,Graal,lgraal8f@intel.com,Female,75.158.161.210
305,Benton,Eastridge,beastridge8g@cocolog-nifty.com,Male,66.204.111.17
306,Hazlett,Howarth,hhowarth8h@youku.com,Male,32.181.187.242
307,Jamal,Rivallant,jrivallant8i@businesswire.com,Male,89.248.19.79
308,Tammy,Artiss,tartiss8j@jimdo.com,Male,177.220.108.211
309,Maureene,Bandt,mbandt8k@a8.net,Female,100.15.63.83
310,Danice,Steuhlmeyer,dsteuhlmeyer8l@craigslist.org,Female,64.236.221.106
311,Tedda,Coo,tcoo8m@eventbrite.com,Female,101.28.243.135
312,Laural,MacGahy,lmacgahy8n@china.com.cn,Female,165.126.31.27
313,Kort,Finden,kfinden8o@tmall.com,Male,31.216.161.184
314,Kathy,Langland,klangland8p@instagram.com,Female,134.101.245.208
315,Celine,Sedgeman,csedgeman8q@marketwatch.com,Female,253.112.209.72
316,Ruthann,Sille,rsille8r@abc.net.au,Female,100.211.162.241
317,Rosemaria,Ingray,ringray8s@webs.com,Female,226.32.115.234
318,Marta,Cann,mcann8t@histats.com,Female,82.38.169.111
319,Georgie,Heimes,gheimes8u@si.edu,Male,172.177.74.134
320,Laureen,Babar,lbabar8v@wiley.com,Female,142.48.199.98
321,Colly,Nevill,cnevill8w@google.co.jp,Female,30.251.75.134
322,Damara,Callaghan,dcallaghan8x@flavors.me,Female,252.76.67.27
323,Anallese,Shrimptone,ashrimptone8y@edublogs.org,Female,153.228.29.206
324,Mordecai,Jardin,mjardin8z@typepad.com,Male,254.72.228.141
325,Kinnie,Konerding,kkonerding90@umn.edu,Male,237.122.252.181
326,Kirbee,Brikner,kbrikner91@telegraph.co.uk,Female,40.200.255.50
327,Orella,Jorck,ojorck92@usa.gov,Female,61.26.248.47
328,Cherice,Kerfut,ckerfut93@sphinn.com,Female,108.13.198.141
329,Babbie,Chance,bchance94@addthis.com,Female,108.244.168.196
330,Christen,Falco,cfalco95@usatoday.com,Female,40.95.52.99
331,Zorah,Tombleson,ztombleson96@mozilla.org,Female,44.141.151.117
332,Gannon,Wellesley,gwellesley97@smh.com.au,Genderfluid,102.182.93.223
333,Stearne,Jelf,sjelf98@buzzfeed.com,Male,185.13.35.127
334,Ethan,Schimon,eschimon99@over-blog.com,Male,204.155.116.236
335,Clayborne,Marlow,cmarlow9a@skype.com,Male,203.196.144.61
336,Krissy,Kinchin,kkinchin9b@addthis.com,Female,96.4.122.228
337,Karie,Mowles,kmowles9c@reverbnation.com,Female,142.90.94.61
338,Jessalyn,Wildbore,jwildbore9d@bizjournals.com,Female,249.155.108.86
339,Inger,Gruszczak,igruszczak9e@deliciousdays.com,Male,126.116.58.169
340,Laure,Cotgrave,lcotgrave9f@examiner.com,Non-binary,182.164.48.169
341,Theadora,de la Valette Parisot,tdelavaletteparisot9g@fotki.com,Female,110.188.105.103
342,Aileen,McKoy,amckoy9h@homestead.com,Female,168.56.58.249
343,Merv,Monkeman,mmonkeman9i@abc.net.au,Male,24.19.26.255
344,Harris,Adamthwaite,hadamthwaite9j@sphinn.com,Male,37.8.36.112
345,Ernest,Coles,ecoles9k@trellian.com,Male,23.94.116.7
346,Norah,Johnes,njohnes9l@blogspot.com,Female,241.140.211.110
347,Felice,Timny,ftimny9m@un.org,Male,164.220.104.29
348,Silvain,Hartfield,shartfield9n@w3.org,Male,32.226.84.119
349,Waite,Wolton,wwolton9o@google.fr,Male,12.184.126.24
350,Garrek,Annis,gannis9p@topsy.com,Non-binary,210.139.181.85
351,Etty,Ivey,eivey9q@homestead.com,Female,74.119.58.201
352,Ruben,Parzizek,rparzizek9r@google.cn,Male,131.131.45.3
353,Adelind,Stienham,astienham9s@live.com,Female,222.234.12.13
354,Karlis,Whelpton,kwhelpton9t@infoseek.co.jp,Male,176.253.158.5
355,Cassandry,Ivett,civett9u@omniture.com,Female,125.210.241.226
356,Egon,Kiera,ekiera9v@instagram.com,Male,235.224.45.63
357,Noellyn,Cohane,ncohane9w@engadget.com,Female,116.200.192.187
358,Ludovika,Fallis,lfallis9x@hud.gov,Female,44.99.250.203
359,Hyacinthe,Baggot,hbaggot9y@chronoengine.com,Female,152.25.213.102
360,Sherm,Josuweit,sjosuweit9z@123-reg.co.uk,Male,239.210.215.22
361,Rozanna,Craigg,rcraigga0@nsw.gov.au,Bigender,7.122.190.159
362,Jillayne,Denmead,jdenmeada1@51.la,Female,46.134.11.77
363,Klement,Golightly,kgolightlya2@sun.com,Male,149.141.86.125
364,Staford,Buffham,sbuffhama3@jiathis.com,Male,236.3.148.79
365,Benedikt,A'field,bafielda4@comcast.net,Male,77.56.231.225
366,Edd,Stephens,estephensa5@salon.com,Male,0.55.135.200
367,Udell,Hendren,uhendrena6@ucla.edu,Male,184.185.223.15
368,Bernardo,Baldini,bbaldinia7@google.pl,Polygender,107.193.254.215
369,Constantino,Vowels,cvowelsa8@mapy.cz,Male,7.196.195.63
370,Bart,Pyke,bpykea9@scientificamerican.com,Genderfluid,236.160.211.51
371,Terrel,Pladen,tpladenaa@infoseek.co.jp,Bigender,254.116.251.122
372,Katleen,Bergeon,kbergeonab@about.com,Female,43.243.239.111
373,Ahmed,Myhill,amyhillac@google.fr,Male,40.208.182.137
374,Scott,Schirak,sschirakad@wired.com,Male,222.168.78.195
375,Josselyn,Benasik,jbenasikae@etsy.com,Female,85.129.115.233
376,Brana,Vazquez,bvazquezaf@mac.com,Female,132.14.150.66
377,Erasmus,Barrat,ebarratag@miibeian.gov.cn,Male,81.71.241.65
378,Uriah,Pennone,upennoneah@goo.gl,Male,1.237.179.125
379,Anastassia,Megahey,amegaheyai@va.gov,Female,62.75.8.221
380,Billie,Killimister,bkillimisteraj@51.la,Male,232.217.34.218
381,Di,Harbisher,dharbisherak@ed.gov,Female,80.133.139.107
382,Eunice,Isaak,eisaakal@tamu.edu,Female,162.98.164.125
383,Justin,Sommerlie,jsommerlieam@jiathis.com,Male,60.83.242.29
384,Novelia,Phair,nphairan@time.com,Non-binary,188.26.112.176
385,Kimberli,Cathrae,kcathraeao@squarespace.com,Genderqueer,48.196.131.121
386,Regan,Lissaman,rlissamanap@histats.com,Male,205.35.106.72
387,Dilan,Capoun,dcapounaq@squarespace.com,Male,147.222.136.69
388,Elwyn,Matthis,ematthisar@youtube.com,Male,75.51.249.0
389,Elke,Fermor,efermoras@mayoclinic.com,Female,141.127.12.75
390,Inigo,Bolte,ibolteat@miitbeian.gov.cn,Male,111.128.217.232
391,Ozzy,Yandell,oyandellau@rediff.com,Male,227.114.115.37
392,Anabal,Catherine,acatherineav@auda.org.au,Female,247.186.41.0
393,Tommie,Splevin,tsplevinaw@cbsnews.com,Male,231.232.172.36
394,Jocko,Reavey,jreaveyax@umich.edu,Male,113.130.48.180
395,Danica,Pedrocchi,dpedrocchiay@oakley.com,Female,43.255.39.35
396,Esme,Robbel,erobbelaz@wikia.com,Male,155.60.187.168
397,Daria,Fitzjohn,dfitzjohnb0@netlog.com,Female,111.237.77.124
398,Archambault,Brocket,abrocketb1@usatoday.com,Male,135.215.127.114
399,Toddy,Bagg,tbaggb2@plala.or.jp,Male,9.234.239.80
400,Corissa,Swaddle,cswaddleb3@skype.com,Agender,226.177.219.183
401,Jedd,Haye,jhayeb4@nytimes.com,Male,76.66.25.149
402,Mead,Burker,mburkerb5@feedburner.com,Male,142.243.184.174
403,Eldredge,Simcox,esimcoxb6@tinyurl.com,Male,198.59.151.217
404,Gwenny,Hugo,ghugob7@skyrock.com,Female,36.135.166.101
405,Janifer,Blaine,jblaineb8@flickr.com,Female,78.14.237.74
406,Lottie,Patroni,lpatronib9@jigsy.com,Female,71.36.41.34
407,Davita,Abrami,dabramiba@shareasale.com,Female,156.6.70.172
408,Valentine,Nibloe,vnibloebb@craigslist.org,Male,166.243.225.112
409,Boony,Briereton,bbrieretonbc@clickbank.net,Male,1.58.228.89
410,Heda,Wasylkiewicz,hwasylkiewiczbd@bandcamp.com,Bigender,196.255.35.96
411,Hortense,Vince,hvincebe@sciencedirect.com,Female,35.69.52.101
412,Eugine,Speechly,espeechlybf@opensource.org,Female,34.100.46.114
413,Raff,Voelker,rvoelkerbg@npr.org,Male,7.188.251.81
414,Cam,Lodeke,clodekebh@independent.co.uk,Male,73.228.202.150
415,Bee,Natt,bnattbi@admin.ch,Female,225.54.209.38
416,Jojo,Scini,jscinibj@oracle.com,Female,244.99.13.77
417,Patti,Rubery,pruberybk@networksolutions.com,Female,1.73.57.176
418,Arnie,Casford,acasfordbl@hostgator.com,Male,190.142.247.40
419,Christoforo,Edler,cedlerbm@apple.com,Male,107.23.3.236
420,Jerry,Hattam,jhattambn@simplemachines.org,Female,177.115.74.232
421,Nedda,Pullman,npullmanbo@themeforest.net,Female,99.187.172.77
422,Davin,Yitzhok,dyitzhokbp@t-online.de,Male,209.58.92.4
423,Inga,Huckel,ihuckelbq@xing.com,Female,5.227.133.221
424,Anders,Stutt,astuttbr@php.net,Male,156.57.24.198
425,Andris,Klich,aklichbs@shareasale.com,Male,41.165.1.189
426,Mead,Grafhom,mgrafhombt@slashdot.org,Female,52.104.118.51
427,Galina,Roadknight,groadknightbu@globo.com,Female,161.127.137.202
428,Dean,Dominichetti,ddominichettibv@latimes.com,Male,120.233.164.31
429,Pete,Yellowlees,pyellowleesbw@infoseek.co.jp,Male,97.33.212.9
430,Humfried,Fashion,hfashionbx@slate.com,Male,117.225.188.186
431,Marlow,McCafferky,mmccafferkyby@bloglines.com,Male,196.121.251.205
432,Raleigh,Sancraft,rsancraftbz@icq.com,Male,198.218.96.83
433,Abey,Hartnell,ahartnellc0@bravesites.com,Male,10.24.128.80
434,Nancee,Guyonneau,nguyonneauc1@wiley.com,Female,56.204.96.214
435,Cora,Bothbie,cbothbiec2@nba.com,Female,145.149.0.101
436,Jaye,Dewes,jdewesc3@symantec.com,Male,31.146.7.8
437,Wakefield,Cyseley,wcyseleyc4@domainmarket.com,Male,149.251.200.64
438,Lucian,Millhouse,lmillhousec5@google.es,Male,88.141.242.57
439,Lauraine,Lissandri,llissandric6@globo.com,Female,108.221.241.32
440,Bekki,Ferrarin,bferrarinc7@facebook.com,Female,180.46.87.247
441,Walsh,Denes,wdenesc8@eepurl.com,Male,90.140.210.50
442,Levy,Ofer,loferc9@intel.com,Male,246.167.200.218
443,Arvin,Garrals,agarralsca@apache.org,Male,39.71.79.229
444,Lilla,Roache,lroachecb@wired.com,Female,199.90.131.39
445,Lolly,Fobidge,lfobidgecc@rakuten.co.jp,Female,17.245.84.218
446,Maddie,MacInerney,mmacinerneycd@tamu.edu,Male,95.89.96.157
447,Hi,Hurren,hhurrence@ustream.tv,Male,81.179.225.96
448,Alyss,MacCrachen,amaccrachencf@behance.net,Female,1.71.212.33
449,Adrianna,Pauls,apaulscg@ed.gov,Female,211.201.15.141
450,Clarette,Greder,cgrederch@msu.edu,Female,240.231.230.195
451,Pollyanna,Ginni,pginnici@biblegateway.com,Polygender,25.176.24.101
452,Ermanno,Dafydd,edafyddcj@imdb.com,Male,106.242.2.62
453,Zuzana,Winridge,zwinridgeck@wikimedia.org,Female,6.232.218.171
454,Alexi,Gives,agivescl@washington.edu,Female,202.7.92.255
455,Nelia,Pfaff,npfaffcm@sina.com.cn,Female,28.94.44.243
456,Alfons,Pragnall,apragnallcn@clickbank.net,Male,7.236.145.213
457,Timofei,Turbitt,tturbittco@g.co,Male,172.172.31.78
458,Loella,Wannell,lwannellcp@wired.com,Female,34.251.29.110
459,Bertie,Ennever,bennevercq@samsung.com,Female,128.198.133.110
460,Shepherd,Surcomb,ssurcombcr@domainmarket.com,Male,124.246.245.160
461,Lacee,Spradbery,lspradberycs@mail.ru,Female,13.186.95.179
462,Shep,Lammin,slamminct@discuz.net,Male,198.202.141.112
463,Florence,Bailes,fbailescu@exblog.jp,Female,206.203.142.23
464,Drugi,Coltman,dcoltmancv@clickbank.net,Male,252.237.157.58
465,Forester,Konertz,fkonertzcw@ycombinator.com,Male,57.31.190.30
466,Silvan,Josephson,sjosephsoncx@nba.com,Male,59.165.49.128
467,Karry,Dacey,kdaceycy@tripadvisor.com,Female,220.68.146.195
468,Misha,Stailey,mstaileycz@technorati.com,Female,83.139.15.207
469,Skippie,Fears,sfearsd0@wikimedia.org,Male,179.142.215.198
470,Dougie,Jerzyk,djerzykd1@uiuc.edu,Male,29.117.86.123
471,Ericha,MacIlhargy,emacilhargyd2@domainmarket.com,Female,128.142.136.214
472,Huntlee,Jouannin,hjouannind3@thetimes.co.uk,Genderqueer,94.178.160.44
473,Christy,Zemler,czemlerd4@adobe.com,Male,131.135.97.55
474,Dorris,Roeby,droebyd5@over-blog.com,Female,241.64.7.28
475,Damita,Cuff,dcuffd6@cbslocal.com,Female,233.112.35.223
476,Noe,Salla,nsallad7@zimbio.com,Non-binary,217.147.213.137
477,Hewitt,Real,hreald8@studiopress.com,Male,236.3.84.87
478,Abran,Davids,adavidsd9@addthis.com,Male,176.152.176.150
479,Karlis,Bugdell,kbugdellda@cdbaby.com,Male,159.242.253.29
480,Brewster,Rapa,brapadb@nydailynews.com,Male,33.131.164.114
481,Kelci,Sweeny,ksweenydc@jimdo.com,Female,243.173.42.175
482,Salaidh,Flatley,sflatleydd@sakura.ne.jp,Female,130.233.49.3
483,Melva,Shillitto,mshillittode@google.cn,Female,206.149.67.145
484,Phylys,Geyton,pgeytondf@dropbox.com,Female,204.140.44.77
485,Erwin,Rodger,erodgerdg@gmpg.org,Male,131.198.204.118
486,Doy,Rollings,drollingsdh@upenn.edu,Male,5.29.252.209
487,Ignazio,Illwell,iillwelldi@oakley.com,Male,33.80.92.189
488,Freida,Lancashire,flancashiredj@ed.gov,Polygender,100.219.159.21
489,Nicky,Longmire,nlongmiredk@buzzfeed.com,Female,59.0.185.162
490,Lauretta,Swatridge,lswatridgedl@drupal.org,Female,67.174.12.172
491,Ricki,Boyne,rboynedm@gizmodo.com,Female,8.245.59.226
492,Katy,Pellitt,kpellittdn@ox.ac.uk,Female,94.252.26.222
493,Shoshana,Talmadge,stalmadgedo@census.gov,Female,140.132.65.120
494,Vergil,Stallard,vstallarddp@pbs.org,Male,172.154.69.122
495,Hildagarde,Carnegy,hcarnegydq@shareasale.com,Female,53.102.133.177
496,Michell,Cromley,mcromleydr@theglobeandmail.com,Female,40.145.124.36
497,Nicoli,Mohammed,nmohammedds@cyberchimps.com,Female,7.121.6.92
498,Aurilia,Gann,aganndt@elegantthemes.com,Female,85.58.249.162
499,Egon,Papes,epapesdu@unc.edu,Male,49.34.19.150
500,Juana,Rottger,jrottgerdv@typepad.com,Female,237.137.182.154
501,Ingrim,Hartigan,ihartigandw@phpbb.com,Male,129.78.69.235
502,Katha,Budgeon,kbudgeondx@forbes.com,Female,173.37.180.133
503,Land,Deporte,ldeportedy@taobao.com,Male,121.47.66.229
504,Nicoline,Upward,nupwarddz@lulu.com,Female,17.13.235.149
505,Mindy,Hallet,mhallete0@t.co,Female,30.240.181.255
506,Jessey,Beebis,jbeebise1@opensource.org,Male,244.138.91.61
507,Engelbert,Yeend,eyeende2@slashdot.org,Male,9.176.23.6
508,Lazaro,Halfacre,lhalfacree3@netscape.com,Male,227.81.138.229
509,Giavani,Skillanders,gskillanderse4@deliciousdays.com,Male,113.172.67.169
510,Rickey,Dunnion,rdunnione5@typepad.com,Male,230.209.35.92
511,Kelly,Gilling,kgillinge6@fotki.com,Male,250.166.233.249
512,Roanna,Swancott,rswancotte7@redcross.org,Female,41.234.199.13
513,Jocelyn,Baglin,jbagline8@theguardian.com,Female,50.190.181.118
514,Knox,Gadeaux,kgadeauxe9@vk.com,Male,149.53.20.238
515,Karalynn,Kerby,kkerbyea@php.net,Female,49.184.10.148
516,Lynna,Burnyeat,lburnyeateb@domainmarket.com,Genderfluid,119.217.136.201
517,Jesus,Coumbe,jcoumbeec@jimdo.com,Male,138.184.87.68
518,Vito,Lillecrop,vlillecroped@usda.gov,Male,180.85.63.173
519,Luelle,Cockcroft,lcockcroftee@sun.com,Genderqueer,22.9.37.6
520,Alec,Edgecombe,aedgecombeef@marketwatch.com,Male,112.31.220.83
521,Rossy,Blyden,rblydeneg@ameblo.jp,Male,146.115.229.162
522,Cindi,Dei,cdeieh@merriam-webster.com,Agender,24.237.204.93
523,Gaile,Nowakowska,gnowakowskaei@opera.com,Male,46.185.184.135
524,Suzie,Dyble,sdybleej@ifeng.com,Non-binary,198.93.189.52
525,Nadeen,Gorch,ngorchek@yale.edu,Female,246.243.113.137
526,Mill,Sives,msivesel@networkadvertising.org,Male,82.98.25.109
527,Melvin,Whitbread,mwhitbreadem@fda.gov,Male,147.2.67.15
528,Noella,Maffioletti,nmaffiolettien@newsvine.com,Female,36.181.83.175
529,Clemmie,Lyosik,clyosikeo@privacy.gov.au,Male,149.117.155.29
530,Corey,Keeltagh,ckeeltaghep@free.fr,Male,152.217.203.224
531,Daffie,Cotesford,dcotesfordeq@walmart.com,Female,90.24.207.87
532,Ed,Tipton,etiptoner@linkedin.com,Male,59.85.14.10
533,Natka,Miner,nmineres@samsung.com,Female,149.64.16.247
534,Bibi,Wehden,bwehdenet@indiatimes.com,Female,132.254.160.248
535,Frankie,Clarey,fclareyeu@cocolog-nifty.com,Male,134.8.41.110
536,Moss,Cestard,mcestardev@globo.com,Male,181.114.254.38
537,Sauveur,Weldrake,sweldrakeew@wordpress.com,Male,180.218.30.251
538,Cassandre,Avrahamoff,cavrahamoffex@china.com.cn,Female,129.115.122.150
539,Scottie,Jays,sjaysey@mediafire.com,Bigender,209.246.58.140
540,Obed,Janczewski,ojanczewskiez@ucla.edu,Male,89.161.196.238
541,Howey,De Pietri,hdepietrif0@deliciousdays.com,Male,61.204.219.128
542,Paton,Kelinge,pkelingef1@addtoany.com,Male,138.80.220.85
543,Kimble,Shepard,kshepardf2@istockphoto.com,Male,141.82.68.58
544,Maurise,Allchorn,mallchornf3@discuz.net,Male,81.46.147.153
545,Arlana,Labitt,alabittf4@amazonaws.com,Female,64.224.200.175
546,Spike,Pettwood,spettwoodf5@tumblr.com,Genderfluid,152.119.188.119
547,Goldy,Nussii,gnussiif6@paginegialle.it,Female,55.156.212.88
548,Guinevere,Baynham,gbaynhamf7@smh.com.au,Female,155.173.22.189
549,Warden,Argo,wargof8@hp.com,Non-binary,200.216.86.52
550,Christan,Kernell,ckernellf9@soup.io,Female,230.61.186.59
551,Arri,Faust,afaustfa@ebay.co.uk,Male,105.192.56.26
552,Anselm,Ringsell,aringsellfb@etsy.com,Bigender,213.185.58.68
553,Norbert,Clausen,nclausenfc@harvard.edu,Male,194.208.215.150
554,Arlyne,Mabson,amabsonfd@slate.com,Female,109.21.74.103
555,Thorny,Kirkbride,tkirkbridefe@pagesperso-orange.fr,Male,19.92.162.205
556,Barri,Rushman,brushmanff@liveinternet.ru,Bigender,10.171.27.52
557,Darla,Briggs,dbriggsfg@auda.org.au,Female,232.137.180.51
558,Emanuele,Colbron,ecolbronfh@marriott.com,Male,61.22.56.169
559,Deane,Wickwar,dwickwarfi@weibo.com,Female,85.45.5.211
560,Emmett,Placstone,eplacstonefj@geocities.jp,Male,175.16.188.176
561,Louisa,Sydney,lsydneyfk@springer.com,Female,139.124.227.170
562,Massimo,Mildner,mmildnerfl@fc2.com,Male,171.71.227.115
563,Katerine,Keable,kkeablefm@admin.ch,Female,196.71.71.53
564,Bastian,Culleton,bculletonfn@google.com,Male,184.240.150.224
565,Ozzie,MacCaig,omaccaigfo@nbcnews.com,Male,88.7.71.138
566,Rubina,Leeming,rleemingfp@cdbaby.com,Female,0.10.7.225
567,Wolfie,Easson,weassonfq@desdev.cn,Male,31.71.151.146
568,Seth,Theunissen,stheunissenfr@squidoo.com,Male,99.71.5.122
569,Axe,Postlewhite,apostlewhitefs@wired.com,Non-binary,144.231.252.155
570,Correy,Prestwich,cprestwichft@cmu.edu,Agender,150.181.233.137
571,Netty,Debney,ndebneyfu@moonfruit.com,Female,156.27.58.112
572,Ally,Leftbridge,aleftbridgefv@nhs.uk,Female,18.107.141.210
573,Cindra,Starling,cstarlingfw@huffingtonpost.com,Female,30.89.185.233
574,Jareb,Currao,jcurraofx@techcrunch.com,Bigender,20.91.106.242
575,Joshua,Morcomb,jmorcombfy@ted.com,Male,196.21.115.253
576,Devan,Stean,dsteanfz@i2i.jp,Female,27.176.252.35
577,La verne,Ruddiman,lruddimang0@csmonitor.com,Female,36.217.4.231
578,Lishe,Craig,lcraigg1@icio.us,Female,192.158.219.238
579,Niki,Glasper,nglasperg2@ihg.com,Male,74.150.6.130
580,Andy,Polon,apolong3@cornell.edu,Female,146.203.85.124
581,Sigismond,Maken,smakeng4@adobe.com,Male,60.222.26.223
582,Valentia,Dobbyn,vdobbyng5@tiny.cc,Female,150.160.186.113
583,Janette,Mattiello,jmattiellog6@ezinearticles.com,Female,176.241.100.11
584,Joane,Odde,joddeg7@google.es,Female,251.141.14.79
585,Cindelyn,Blaylock,cblaylockg8@dion.ne.jp,Female,103.131.208.232
586,Otha,Old,ooldg9@ovh.net,Agender,18.179.238.243
587,Desiree,Gerner,dgernerga@dagondesign.com,Female,53.137.234.146
588,Evelin,Ceillier,eceilliergb@alibaba.com,Male,134.251.224.50
589,Ignaz,Opie,iopiegc@posterous.com,Male,30.128.22.202
590,Raquela,Rosenfelder,rrosenfeldergd@harvard.edu,Female,158.82.185.225
591,Buddy,Tellett,btellettge@feedburner.com,Male,72.243.126.68
592,Celinka,Padilla,cpadillagf@umn.edu,Female,7.227.246.74
593,Chase,Dundon,cdundongg@google.fr,Male,112.28.152.15
594,Wynne,Synke,wsynkegh@ucsd.edu,Female,111.225.115.81
595,Fredelia,Lynds,flyndsgi@usda.gov,Female,9.114.208.194
596,Isabella,Corton,icortongj@indiegogo.com,Female,20.251.127.47
597,Kasey,Graalman,kgraalmangk@mtv.com,Female,72.245.247.35
598,Valli,Percifull,vpercifullgl@seesaa.net,Female,236.151.47.100
599,Clarence,Martinson,cmartinsongm@archive.org,Male,39.62.3.138
600,Wallie,Whopples,wwhopplesgn@icq.com,Male,115.12.192.45
601,Eldridge,Seston,esestongo@smugmug.com,Male,246.0.163.36
602,Davita,Jozefiak,djozefiakgp@w3.org,Female,22.35.201.179
603,Arabelle,Jovis,ajovisgq@slashdot.org,Female,73.139.115.254
604,Andros,Filasov,afilasovgr@51.la,Male,9.192.157.140
605,Lissie,Greensall,lgreensallgs@uiuc.edu,Female,99.183.202.129
606,Hagen,Meiningen,hmeiningengt@cnet.com,Male,47.38.172.252
607,Antone,Tern,aterngu@wisc.edu,Male,17.201.65.83
608,Harri,Gleadle,hgleadlegv@csmonitor.com,Female,201.187.15.142
609,Marissa,Gidney,mgidneygw@usatoday.com,Female,5.88.1.27
610,Ernaline,Strongman,estrongmangx@kickstarter.com,Female,223.55.221.194
611,Nefen,Barends,nbarendsgy@google.co.uk,Male,1.18.34.145
612,Trevar,Wessell,twessellgz@ow.ly,Male,173.235.103.56
613,Sari,Earengey,searengeyh0@eventbrite.com,Female,62.58.77.136
614,Nancie,Ivery,niveryh1@aol.com,Agender,22.82.248.165
615,Donavon,Dedon,ddedonh2@umich.edu,Male,53.46.79.101
616,Petronille,Edlin,pedlinh3@so-net.ne.jp,Female,196.31.167.120
617,Fonzie,Torres,ftorresh4@mit.edu,Male,98.181.130.137
618,Florry,Kirkland,fkirklandh5@dot.gov,Female,32.91.54.60
619,Kennith,Trahear,ktrahearh6@ucsd.edu,Male,153.118.183.41
620,Ashleigh,Redfearn,aredfearnh7@wikimedia.org,Female,137.41.3.178
621,Gwendolen,Vella,gvellah8@so-net.ne.jp,Female,55.89.217.129
622,Philip,Yann,pyannh9@youtu.be,Male,92.32.167.110
623,Hayward,Le Blond,hleblondha@1688.com,Agender,34.210.93.1
624,Justinn,Port,jporthb@oracle.com,Female,75.172.91.40
625,Gaven,Gockeler,ggockelerhc@biblegateway.com,Male,218.230.178.119
626,Kettie,Ibbison,kibbisonhd@cloudflare.com,Non-binary,179.247.126.0
627,Timothy,Enever,teneverhe@usnews.com,Male,233.223.223.142
628,Jourdain,Barta,jbartahf@fc2.com,Genderqueer,202.25.224.117
629,Nichole,Bulger,nbulgerhg@sohu.com,Male,206.111.24.39
630,Culver,Joslyn,cjoslynhh@umn.edu,Male,102.197.192.78
631,Cyb,McAvinchey,cmcavincheyhi@miibeian.gov.cn,Female,0.140.131.225
632,Kevin,De Vuyst,kdevuysthj@yahoo.co.jp,Male,143.122.245.68
633,Alexandro,Huddart,ahuddarthk@japanpost.jp,Male,135.17.80.236
634,Mark,Avramovsky,mavramovskyhl@google.de,Male,24.189.122.139
635,Whitaker,Temlett,wtemletthm@economist.com,Male,224.5.229.174
636,Karalee,Tivolier,ktivolierhn@nydailynews.com,Female,153.240.164.141
637,Idaline,Hammel,ihammelho@dell.com,Female,31.124.153.250
638,Skelly,Gegay,sgegayhp@tuttocitta.it,Male,163.71.52.97
639,Helyn,Starmer,hstarmerhq@ca.gov,Female,75.36.182.118
640,Georgetta,Kubec,gkubechr@parallels.com,Female,170.16.221.23
641,Veronique,Cragell,vcragellhs@engadget.com,Female,105.247.209.201
642,Ernest,Prise,epriseht@pen.io,Male,25.35.115.35
643,Darren,Percifull,dpercifullhu@g.co,Male,34.134.148.23
644,Clare,Ellingworth,cellingworthhv@tinypic.com,Male,242.121.194.131
645,Helene,McCormick,hmccormickhw@bloglovin.com,Female,106.34.220.105
646,Rudiger,Kinnett,rkinnetthx@businessweek.com,Male,23.141.4.104
647,Billie,Clulow,bclulowhy@tinyurl.com,Male,76.133.95.120
648,Sherwood,Semken,ssemkenhz@thetimes.co.uk,Male,79.22.82.49
649,Elvis,Neagle,eneaglei0@taobao.com,Male,49.146.215.64
650,Hortense,Schottli,hschottlii1@imageshack.us,Female,55.51.79.37
651,Vinny,Rackam,vrackami2@gov.uk,Male,19.17.170.57
652,Albie,Gartshore,agartshorei3@github.io,Male,6.101.130.174
653,Roderic,Redsull,rredsulli4@pen.io,Male,61.70.254.94
654,Waldo,Streat,wstreati5@ifeng.com,Male,215.209.167.213
655,Delaney,Sargant,dsarganti6@salon.com,Male,30.123.53.115
656,Jeremiah,Hanbidge,jhanbidgei7@aol.com,Male,130.148.101.143
657,Rae,Rochester,rrochesteri8@bloomberg.com,Female,227.249.237.210
658,Jeanelle,Cristofolini,jcristofolinii9@g.co,Female,117.173.91.143
659,Hi,Medina,hmedinaia@cbsnews.com,Male,222.203.188.220
660,Gualterio,Matthis,gmatthisib@sitemeter.com,Male,25.184.130.58
661,Erica,Francello,efrancelloic@issuu.com,Female,161.203.12.93
662,Alwin,Brocklehurst,abrocklehurstid@wikipedia.org,Male,53.252.54.82
663,Dael,Churchward,dchurchwardie@sfgate.com,Male,22.188.169.147
664,Bev,Glasman,bglasmanif@home.pl,Male,132.210.45.27
665,Meghann,Maggi,mmaggiig@creativecommons.org,Female,48.235.241.148
666,Ailyn,Scrowston,ascrowstonih@eepurl.com,Female,89.203.226.203
667,Christabel,Dumphry,cdumphryii@bizjournals.com,Female,90.0.92.108
668,Bonnee,Taffs,btaffsij@va.gov,Female,255.103.16.200
669,Nan,Garwill,ngarwillik@hud.gov,Female,117.1.37.49
670,Rutherford,Simkin,rsimkinil@spotify.com,Male,123.226.12.249
671,Orland,Yesinin,oyesininim@sciencedirect.com,Male,128.2.193.109
672,Rafaellle,Beany,rbeanyin@imdb.com,Male,81.234.153.249
673,Peri,Brelsford,pbrelsfordio@cnbc.com,Female,109.243.27.168
674,Annamaria,McClunaghan,amcclunaghanip@hao123.com,Female,61.101.111.135
675,Robinet,Scranney,rscranneyiq@stumbleupon.com,Male,6.23.95.120
676,Arielle,Trahmel,atrahmelir@census.gov,Female,31.107.22.245
677,Emelina,Meneur,emeneuris@devhub.com,Female,220.164.9.91
678,Jeremy,Tripet,jtripetit@scientificamerican.com,Male,115.186.141.26
679,Thayne,Rate,trateiu@businessweek.com,Agender,104.149.150.144
680,Kristoforo,Ratt,krattiv@msn.com,Male,120.66.73.202
681,Joanne,Pllu,jplluiw@nhs.uk,Female,90.55.113.48
682,Drugi,Loft,dloftix@cornell.edu,Male,188.15.122.95
683,Haily,Gergher,hgergheriy@noaa.gov,Male,245.184.173.83
684,Rockwell,Mathewson,rmathewsoniz@miitbeian.gov.cn,Male,71.80.139.55
685,Teddie,Folbige,tfolbigej0@cnn.com,Male,92.142.45.252
686,Matthaeus,Kensitt,mkensittj1@tamu.edu,Male,5.1.125.126
687,Camille,Haggett,chaggettj2@jugem.jp,Female,103.77.254.25
688,Bertram,McLemon,bmclemonj3@loc.gov,Male,76.90.85.18
689,Silvia,Assiter,sassiterj4@who.int,Female,200.9.14.111
690,Edyth,Rubinsaft,erubinsaftj5@skyrock.com,Female,13.24.2.9
691,Feliza,Forsyth,fforsythj6@google.de,Female,29.69.108.27
692,Cchaddie,Faraker,cfarakerj7@woothemes.com,Male,7.146.251.147
693,Dylan,Drover,ddroverj8@theglobeandmail.com,Male,191.169.208.14
694,Patrizius,Coaker,pcoakerj9@uiuc.edu,Male,187.80.236.238
695,Doloritas,Terrett,dterrettja@cnn.com,Female,224.4.78.219
696,Blair,Collens,bcollensjb@t.co,Male,172.109.207.161
697,Granthem,Borgne,gborgnejc@who.int,Male,13.75.240.210
698,Garth,St Ledger,gstledgerjd@cbc.ca,Male,102.25.102.129
699,Vanda,Getsham,vgetshamje@cpanel.net,Female,74.113.237.139
700,Netti,Iczokvitz,niczokvitzjf@trellian.com,Female,20.151.55.110
701,Curtice,Fiorentino,cfiorentinojg@ucsd.edu,Male,217.152.37.157
702,Aube,Wasylkiewicz,awasylkiewiczjh@upenn.edu,Male,222.26.17.122
703,Alane,Monro,amonroji@devhub.com,Female,41.211.71.177
704,Tait,O'Henery,toheneryjj@newyorker.com,Male,145.84.11.196
705,Samuele,Callum,scallumjk@google.es,Male,181.82.192.175
706,Laverna,Worthy,lworthyjl@ovh.net,Female,170.108.202.114
707,Boycey,Figgs,bfiggsjm@weebly.com,Genderfluid,21.202.40.135
708,Brear,Keats,bkeatsjn@pen.io,Female,239.95.205.42
709,Barty,Balazs,bbalazsjo@hexun.com,Male,150.176.175.50
710,Noam,Billyeald,nbillyealdjp@icio.us,Male,54.244.68.98
711,Dom,Smalls,dsmallsjq@businessinsider.com,Male,240.211.158.115
712,Aubrey,Haine,ahainejr@telegraph.co.uk,Male,243.82.210.155
713,Derick,Coolbear,dcoolbearjs@paginegialle.it,Male,9.128.250.144
714,Davin,Rickell,drickelljt@weibo.com,Male,235.88.128.253
715,Cody,Dellow,cdellowju@ftc.gov,Male,231.102.170.123
716,Malanie,Minihan,mminihanjv@feedburner.com,Female,15.177.249.43
717,Alie,Millhill,amillhilljw@goo.ne.jp,Female,74.155.239.243
718,Caryn,Sharphouse,csharphousejx@google.es,Female,199.84.85.121
719,Cami,Mattiassi,cmattiassijy@harvard.edu,Female,38.178.185.101
720,Catharine,Guillotin,cguillotinjz@yahoo.co.jp,Female,163.229.168.157
721,Aili,Billitteri,abillitterik0@furl.net,Female,199.57.229.14
722,Chelsea,Littrik,clittrikk1@cbsnews.com,Female,169.243.228.15
723,Amye,Franchyonok,afranchyonokk2@ted.com,Female,96.119.120.162
724,Kipp,Shorter,kshorterk3@woothemes.com,Female,145.159.135.103
725,Neil,Riddeough,nriddeoughk4@webmd.com,Male,141.206.41.134
726,Jordon,Vockins,jvockinsk5@google.nl,Male,254.77.149.149
727,Paige,Philips,pphilipsk6@topsy.com,Female,104.164.248.203
728,Morry,Blackley,mblackleyk7@engadget.com,Male,254.36.118.130
729,Grady,Gurwood,ggurwoodk8@umn.edu,Male,191.14.107.147
730,Felicdad,Butland,fbutlandk9@amazon.co.uk,Female,252.218.32.254
731,Arv,Antonacci,aantonaccika@wikia.com,Male,3.242.246.154
732,Jessie,Alps,jalpskb@dot.gov,Female,137.11.183.236
733,Ahmed,Kyndred,akyndredkc@booking.com,Male,169.133.79.187
734,Averyl,Burfield,aburfieldkd@cocolog-nifty.com,Female,6.177.223.230
735,Ricky,Laydon,rlaydonke@nyu.edu,Male,84.17.161.176
736,Jacquenette,Pilgram,jpilgramkf@ehow.com,Female,86.60.215.217
737,Natala,Matschoss,nmatschosskg@i2i.jp,Female,19.121.205.33
738,Chadd,Togher,ctogherkh@aol.com,Male,126.231.253.254
739,Griselda,Challiss,gchallisski@bluehost.com,Female,93.152.208.99
740,Gilburt,Truwert,gtruwertkj@sbwire.com,Male,12.244.35.248
741,Rebekkah,Salack,rsalackkk@msn.com,Female,26.244.137.70
742,Jillene,Partener,jpartenerkl@1und1.de,Female,190.84.144.66
743,Tadd,Pourveer,tpourveerkm@bigcartel.com,Male,137.69.231.227
744,Rabi,Gerram,rgerramkn@naver.com,Male,85.152.2.181
745,Rhoda,Raund,rraundko@army.mil,Female,197.255.248.60
746,Eilis,Pinnegar,epinnegarkp@e-recht24.de,Female,206.253.171.191
747,Drucie,Garret,dgarretkq@purevolume.com,Female,22.159.101.185
748,Nicki,Hudless,nhudlesskr@cargocollective.com,Female,219.61.124.82
749,Ive,Justham,ijusthamks@oaic.gov.au,Male,8.87.126.179
750,Mattheus,Campe,mcampekt@dell.com,Male,204.110.196.211
751,Nannie,Scardifeild,nscardifeildku@google.de,Female,57.2.215.91
752,Cathlene,Halksworth,chalksworthkv@godaddy.com,Female,185.18.115.148
753,Alard,Girvin,agirvinkw@utexas.edu,Male,90.49.188.253
754,Leontine,Blampy,lblampykx@npr.org,Female,232.25.89.200
755,Therine,Pow,tpowky@cornell.edu,Female,171.34.127.142
756,El,Kennewell,ekennewellkz@mail.ru,Male,207.87.173.220
757,Marvin,Truman,mtrumanl0@un.org,Male,27.241.184.43
758,Aloysius,MacGiolla Pheadair,amacgiollapheadairl1@chronoengine.com,Male,50.187.224.46
759,Lindsy,Wycliff,lwycliffl2@si.edu,Female,31.240.34.208
760,Sorcha,Cuthill,scuthilll3@bbc.co.uk,Female,220.39.120.138
761,Neilla,Schober,nschoberl4@sogou.com,Female,59.47.67.87
762,Latrena,Treen,ltreenl5@i2i.jp,Female,173.94.186.148
763,Kipp,Shenton,kshentonl6@google.co.uk,Genderqueer,251.65.198.218
764,Erminia,Caldron,ecaldronl7@icq.com,Female,7.174.118.229
765,Meryl,Dipple,mdipplel8@timesonline.co.uk,Male,168.195.0.6
766,Sibella,Cattermole,scattermolel9@forbes.com,Female,203.212.133.212
767,Forster,Girardey,fgirardeyla@issuu.com,Male,218.66.22.59
768,Dyana,Hache,dhachelb@tripadvisor.com,Female,129.247.25.88
769,Trumaine,Elington,telingtonlc@dot.gov,Male,4.209.48.12
770,Dierdre,Kaspar,dkasparld@mozilla.com,Female,146.90.198.177
771,Vivien,Hayles,vhaylesle@bigcartel.com,Agender,76.180.48.243
772,Amii,Figgen,afiggenlf@intel.com,Female,66.14.35.35
773,Arlinda,Reeve,areevelg@cdc.gov,Female,13.245.236.214
774,Mohandas,Jeenes,mjeeneslh@paypal.com,Male,252.239.30.89
775,Carrol,McParlin,cmcparlinli@xrea.com,Male,251.49.176.237
776,Ned,Cominoli,ncominolilj@yellowbook.com,Non-binary,235.110.96.206
777,Terrel,Darkott,tdarkottlk@baidu.com,Male,26.201.23.20
778,Winslow,Stoop,wstoopll@1und1.de,Male,245.171.207.14
779,Hyacinthie,Connichie,hconnichielm@dmoz.org,Female,222.234.211.178
780,Vyky,Duny,vdunyln@thetimes.co.uk,Bigender,136.223.230.183
781,Esteban,Fauning,efauninglo@privacy.gov.au,Agender,112.122.64.62
782,Almire,Freezor,afreezorlp@feedburner.com,Female,119.7.120.56
783,Joela,Rayhill,jrayhilllq@wsj.com,Female,165.47.221.48
784,Jackie,Abbot,jabbotlr@behance.net,Female,131.163.44.231
785,Timothea,Bertomier,tbertomierls@ft.com,Bigender,76.133.127.53
786,Burg,Fynes,bfyneslt@dell.com,Male,148.151.74.236
787,Jamie,Atkirk,jatkirklu@livejournal.com,Male,105.219.215.247
788,Wes,Mussettini,wmussettinilv@mysql.com,Male,49.246.239.194
789,Gibb,Boissier,gboissierlw@alexa.com,Male,29.193.125.71
790,Shelby,Voice,svoicelx@npr.org,Non-binary,40.191.13.68
791,Rainer,Grigoire,rgrigoirely@cbslocal.com,Male,182.23.162.78
792,Emlyn,Swinfen,eswinfenlz@state.gov,Male,47.109.177.97
793,Prisca,Stuehmeyer,pstuehmeyerm0@cnbc.com,Female,61.32.133.135
794,Cherry,Swatheridge,cswatheridgem1@ning.com,Bigender,254.11.178.135
795,Sharyl,Helling,shellingm2@nbcnews.com,Female,42.112.216.111
796,Laryssa,Petticrew,lpetticrewm3@google.pl,Female,132.183.102.91
797,Valerye,Syred,vsyredm4@washington.edu,Female,99.49.243.153
798,Xever,Hritzko,xhritzkom5@earthlink.net,Male,63.130.146.134
799,Claudius,Allbones,callbonesm6@squarespace.com,Male,127.235.31.53
800,Kimbell,Scamp,kscampm7@digg.com,Male,204.237.122.120
801,Alida,Bendon,abendonm8@webeden.co.uk,Female,73.237.119.237
802,Georgeanne,Deackes,gdeackesm9@mit.edu,Female,249.198.249.244
803,Vladimir,Sprowell,vsprowellma@123-reg.co.uk,Male,111.202.122.141
804,Annelise,Dopson,adopsonmb@gravatar.com,Female,216.159.191.9
805,Arnuad,Beaman,abeamanmc@google.fr,Male,41.228.36.50
806,Cecilio,Schimpke,cschimpkemd@craigslist.org,Male,143.56.203.28
807,Sanderson,Rubertelli,srubertellime@scribd.com,Male,151.59.193.61
808,Talbot,Fulks,tfulksmf@tripod.com,Male,121.86.119.91
809,Frasco,Melloy,fmelloymg@marketwatch.com,Male,73.59.179.19
810,Irv,Yablsley,iyablsleymh@reuters.com,Non-binary,140.191.83.114
811,Heloise,Dorro,hdorromi@simplemachines.org,Female,55.22.228.161
812,Jewel,Longrigg,jlongriggmj@soup.io,Female,8.137.231.133
813,Fionna,Larrat,flarratmk@china.com.cn,Female,242.244.240.68
814,Siana,Audiss,saudissml@angelfire.com,Female,6.66.202.78
815,Clarita,Bellwood,cbellwoodmm@mail.ru,Female,151.39.35.185
816,Linc,Hulburd,lhulburdmn@nationalgeographic.com,Male,181.179.215.65
817,Berry,Bringloe,bbringloemo@arizona.edu,Female,194.87.39.89
818,Petey,Ellington,pellingtonmp@hatena.ne.jp,Male,10.81.227.72
819,Gay,Frentz,gfrentzmq@51.la,Male,226.210.85.199
820,Calida,Hamlen,chamlenmr@mozilla.com,Female,236.96.165.227
821,Brianne,Benardette,bbenardettems@fastcompany.com,Genderqueer,9.190.16.231
822,Rickie,Jodrellec,rjodrellecmt@lycos.com,Female,91.43.15.1
823,Cherice,Keal,ckealmu@independent.co.uk,Female,73.223.175.243
824,Mable,Caulder,mcauldermv@biblegateway.com,Female,237.249.55.76
825,Erny,Steen,esteenmw@jigsy.com,Male,89.93.15.190
826,Isidor,Cluderay,icluderaymx@1688.com,Male,30.92.90.75
827,Lindie,Trenholm,ltrenholmmy@businessinsider.com,Female,66.39.111.107
828,Humfrid,Shelp,hshelpmz@narod.ru,Polygender,34.224.69.174
829,Sisely,Da Costa,sdacostan0@dailymail.co.uk,Female,72.128.181.119
830,Aubrie,Novotni,anovotnin1@apple.com,Female,29.253.16.184
831,Larina,Whitrod,lwhitrodn2@tmall.com,Female,222.246.214.69
832,Bart,Garfoot,bgarfootn3@devhub.com,Male,105.210.10.190
833,Donaugh,Gooday,dgoodayn4@ycombinator.com,Male,210.196.158.55
834,Wenona,Lello,wlellon5@123-reg.co.uk,Female,118.162.156.95
835,Anni,Arrell,aarrelln6@nbcnews.com,Female,105.112.249.74
836,Axel,Fessby,afessbyn7@myspace.com,Male,161.189.115.133
837,Jethro,Cottell,jcottelln8@jugem.jp,Male,65.41.220.24
838,Tris,Darque,tdarquen9@fda.gov,Male,126.67.83.60
839,Everett,McNuff,emcnuffna@is.gd,Male,66.41.120.177
840,Dilly,Gahagan,dgahagannb@sciencedirect.com,Male,114.75.3.56
841,Jena,Sexton,jsextonnc@delicious.com,Female,48.192.116.67
842,Angelika,Dunkerly,adunkerlynd@cdc.gov,Female,158.213.143.25
843,Farah,Harrild,fharrildne@engadget.com,Female,30.145.40.225
844,Kerwinn,MacNeilly,kmacneillynf@sbwire.com,Male,187.241.234.23
845,Cliff,Blunsom,cblunsomng@homestead.com,Male,124.174.2.6
846,Latrena,Coraini,lcoraininh@admin.ch,Genderqueer,200.111.13.105
847,Bendix,Johnikin,bjohnikinni@tinypic.com,Male,173.100.175.97
848,Lammond,Halliwell,lhalliwellnj@miitbeian.gov.cn,Genderqueer,25.83.99.79
849,Foss,Cresswell,fcresswellnk@exblog.jp,Male,110.71.7.7
850,Kalil,Agg,kaggnl@berkeley.edu,Male,226.209.111.106
851,Norah,Backwell,nbackwellnm@dion.ne.jp,Female,117.87.134.142
852,Town,Rafferty,traffertynn@mac.com,Male,186.239.185.51
853,Morgan,Whitehair,mwhitehairno@flavors.me,Male,135.253.213.94
854,Fred,Watkinson,fwatkinsonnp@yellowbook.com,Male,179.244.187.251
855,Arri,Jendrys,ajendrysnq@ftc.gov,Male,119.59.142.53
856,Alwin,Trevan,atrevannr@xinhuanet.com,Male,99.88.194.175
857,Avril,Sellek,asellekns@forbes.com,Female,10.220.156.161
858,Bartram,Mohammed,bmohammednt@t.co,Male,237.68.3.184
859,Thor,Czadla,tczadlanu@feedburner.com,Male,1.237.5.112
860,Nyssa,Cordero,ncorderonv@skype.com,Female,119.145.45.204
861,Mort,Straffon,mstraffonnw@bloomberg.com,Male,182.216.27.139
862,Merrel,Barfield,mbarfieldnx@joomla.org,Male,22.73.101.209
863,Patty,Jakeman,pjakemanny@pinterest.com,Male,177.228.184.224
864,Dahlia,Koubu,dkoubunz@netscape.com,Female,2.46.178.13
865,Katuscha,Vidineev,kvidineevo0@cdbaby.com,Polygender,254.7.28.115
866,Ruprecht,Sargood,rsargoodo1@sogou.com,Male,217.192.143.241
867,Sonny,Dikelin,sdikelino2@w3.org,Female,3.133.71.4
868,Vina,Wyley,vwyleyo3@is.gd,Female,248.193.18.114
869,Henry,Skerman,hskermano4@wordpress.com,Male,50.135.107.60
870,Gradey,Bowich,gbowicho5@pen.io,Male,254.38.144.194
871,Car,Kerman,ckermano6@stumbleupon.com,Male,130.180.208.211
872,Dorey,Loftus,dloftuso7@nature.com,Male,254.239.117.35
873,Rex,Lacky,rlackyo8@dot.gov,Male,69.121.222.237
874,Bea,Fullwood,bfullwoodo9@simplemachines.org,Female,35.137.218.96
875,Celestina,Seys,cseysoa@google.pl,Female,249.184.166.229
876,Gerry,Dusting,gdustingob@naver.com,Male,188.124.167.204
877,Winfred,Stockau,wstockauoc@sfgate.com,Bigender,4.102.94.84
878,Orin,Andriveau,oandriveauod@upenn.edu,Male,5.66.7.247
879,Ami,Goldup,agoldupoe@etsy.com,Female,201.114.232.45
880,Kipp,Copyn,kcopynof@webeden.co.uk,Male,88.254.153.200
881,Elmira,Weekland,eweeklandog@patch.com,Female,124.43.80.255
882,Kinsley,Fossey,kfosseyoh@mozilla.org,Bigender,183.147.79.195
883,Jewell,Downage,jdownageoi@ox.ac.uk,Female,76.157.187.14
884,Bentlee,Duny,bdunyoj@github.io,Male,6.244.132.107
885,Konrad,O'Kane,kokaneok@mayoclinic.com,Male,128.18.88.152
886,Garrott,Geoghegan,ggeogheganol@quantcast.com,Male,160.124.30.114
887,Hildegarde,Gaspero,hgasperoom@xrea.com,Female,30.148.44.199
888,Jenine,Humm,jhummon@squidoo.com,Female,172.240.134.85
889,Deerdre,Dilston,ddilstonoo@psu.edu,Female,196.43.188.255
890,Scot,Vellden,svelldenop@cargocollective.com,Male,106.173.138.178
891,Rolph,McDonogh,rmcdonoghoq@slate.com,Male,108.108.13.162
892,Remington,Piffe,rpiffeor@sbwire.com,Male,136.221.103.238
893,Caria,Lockless,clocklessos@bing.com,Female,40.248.191.225
894,Darrell,Loveard,dloveardot@360.cn,Male,202.247.9.147
895,Petronille,Megany,pmeganyou@people.com.cn,Female,24.125.169.118
896,Gayle,Whilder,gwhilderov@imdb.com,Male,159.54.206.47
897,Guinna,Mitchenson,gmitchensonow@ebay.co.uk,Genderqueer,218.243.85.241
898,Waylin,Yearnsley,wyearnsleyox@123-reg.co.uk,Genderfluid,55.115.250.14
899,Halie,Carbert,hcarbertoy@drupal.org,Female,45.58.232.91
900,Butch,Gane,bganeoz@prweb.com,Male,218.164.55.227
901,Caria,Gainsboro,cgainsborop0@printfriendly.com,Female,148.238.112.9
902,Jaclyn,Corrie,jcorriep1@csmonitor.com,Female,53.144.66.44
903,Rici,Langcaster,rlangcasterp2@tiny.cc,Female,190.93.219.58
904,Latrina,Durber,ldurberp3@elegantthemes.com,Female,107.119.6.166
905,Ram,Ferneyhough,rferneyhoughp4@cafepress.com,Male,175.67.109.95
906,Vanessa,Burtonshaw,vburtonshawp5@dropbox.com,Female,249.81.103.125
907,Ingra,Wickrath,iwickrathp6@paypal.com,Male,56.112.141.47
908,Alvy,Toolin,atoolinp7@nasa.gov,Non-binary,139.181.28.114
909,Danny,Clixby,dclixbyp8@youku.com,Female,155.78.105.85
910,Geoff,Belchamp,gbelchampp9@nasa.gov,Male,74.33.137.98
911,Bendicty,Shilvock,bshilvockpa@youtube.com,Male,100.19.202.14
912,Tracie,Shackelton,tshackeltonpb@infoseek.co.jp,Male,227.71.101.218
913,Killy,McNuff,kmcnuffpc@flickr.com,Male,118.91.24.189
914,Blithe,Hayen,bhayenpd@google.ru,Bigender,214.109.102.52
915,Gregg,Martlew,gmartlewpe@soundcloud.com,Male,56.28.255.120
916,Egor,Coxall,ecoxallpf@zdnet.com,Male,128.164.85.8
917,Dehlia,Emblin,demblinpg@live.com,Female,50.167.249.210
918,Dorey,Cromleholme,dcromleholmeph@prnewswire.com,Male,205.150.96.73
919,Alard,Stanhope,astanhopepi@netvibes.com,Male,78.122.148.207
920,Curt,Edlington,cedlingtonpj@sogou.com,Male,245.24.194.151
921,Cassaundra,Coatman,ccoatmanpk@ted.com,Female,213.75.67.12
922,Steffie,Minocchi,sminocchipl@behance.net,Female,178.217.240.134
923,Francklyn,Rannald,frannaldpm@github.io,Male,149.17.146.35
924,Hank,Haggerston,hhaggerstonpn@tmall.com,Male,248.0.207.106
925,Pacorro,Vassano,pvassanopo@oracle.com,Male,147.88.52.146
926,Huberto,Kensitt,hkensittpp@economist.com,Male,67.231.70.235
927,Major,Lacoste,mlacostepq@wiley.com,Male,228.95.254.106
928,Friedrick,Beringer,fberingerpr@ucla.edu,Male,27.59.154.234
929,Krissie,De Winton,kdewintonps@twitter.com,Female,21.192.244.99
930,Torrey,Grinyov,tgrinyovpt@networksolutions.com,Male,250.143.113.182
931,Norma,Slocombe,nslocombepu@statcounter.com,Female,196.64.185.234
932,Kiley,Cutridge,kcutridgepv@blinklist.com,Male,215.127.91.233
933,Dave,Bunyard,dbunyardpw@printfriendly.com,Male,252.100.50.115
934,Arvin,Horrod,ahorrodpx@simplemachines.org,Male,84.236.90.160
935,Otes,Frisch,ofrischpy@lycos.com,Male,193.48.41.236
936,Maxwell,Goodram,mgoodrampz@topsy.com,Male,36.45.194.33
937,Silvanus,Meo,smeoq0@nyu.edu,Male,147.124.171.241
938,Hall,Darwent,hdarwentq1@umn.edu,Male,129.104.43.133
939,Lark,Kennaird,lkennairdq2@canalblog.com,Female,77.5.6.180
940,Martita,Brightey,mbrighteyq3@dion.ne.jp,Polygender,174.117.98.217
941,Seward,Clarae,sclaraeq4@weebly.com,Male,145.113.30.186
942,Ara,Winstone,awinstoneq5@newyorker.com,Female,176.38.210.113
943,Derk,Antonio,dantonioq6@devhub.com,Male,105.211.131.235
944,Elene,Livesley,elivesleyq7@gmpg.org,Female,120.109.241.32
945,Kamillah,Redshaw,kredshawq8@ebay.co.uk,Female,240.170.2.26
946,Ikey,Crossby,icrossbyq9@typepad.com,Male,163.62.70.165
947,Susan,Beneix,sbeneixqa@ow.ly,Female,105.205.160.214
948,Barty,Hewes,bhewesqb@privacy.gov.au,Male,112.94.216.92
949,Dasie,Olesen,dolesenqc@hud.gov,Female,76.236.206.184
950,Cointon,Eminson,ceminsonqd@zimbio.com,Male,86.230.8.209
951,Brodie,Manvell,bmanvellqe@mlb.com,Genderqueer,149.17.187.200
952,Donna,Howard - Gater,dhowardgaterqf@unc.edu,Female,129.155.212.231
953,Kyrstin,Gallimore,kgallimoreqg@ihg.com,Female,104.232.13.107
954,Robin,Shacklady,rshackladyqh@house.gov,Male,90.169.21.171
955,Linnell,Laviste,llavisteqi@columbia.edu,Female,129.223.207.200
956,Hewie,Joubert,hjoubertqj@a8.net,Male,29.181.238.177
957,Nataline,Pennrington,npennringtonqk@about.com,Female,67.84.10.152
958,Lee,Hirjak,lhirjakql@ustream.tv,Female,36.174.158.145
959,Pooh,Franek,pfranekqm@harvard.edu,Male,4.146.70.94
960,Jaquith,Calafate,jcalafateqn@prweb.com,Female,101.172.153.96
961,Farleigh,Trobe,ftrobeqo@hao123.com,Male,209.148.103.248
962,Natassia,Swansborough,nswansboroughqp@time.com,Female,182.28.31.49
963,Ritchie,Ruggier,rruggierqq@creativecommons.org,Male,196.33.74.199
964,Charlotta,Rollinshaw,crollinshawqr@discovery.com,Genderqueer,93.70.89.170
965,Modesty,Simo,msimoqs@tinyurl.com,Agender,198.46.215.2
966,Archibaldo,Derrington,aderringtonqt@harvard.edu,Male,121.2.187.177
967,Elicia,Mellmoth,emellmothqu@berkeley.edu,Female,244.254.80.6
968,Dalston,Lowell,dlowellqv@pagesperso-orange.fr,Male,88.109.12.119
969,Hilario,Parlet,hparletqw@netlog.com,Male,179.27.231.92
970,Tomlin,Farlowe,tfarloweqx@forbes.com,Male,113.27.179.202
971,Roselle,Hearons,rhearonsqy@thetimes.co.uk,Female,166.62.67.62
972,Portia,Ovitts,povittsqz@netvibes.com,Female,238.155.247.214
973,Dwayne,Wych,dwychr0@npr.org,Male,92.159.115.55
974,Danyette,Block,dblockr1@mayoclinic.com,Female,219.163.157.93
975,Saxe,Gold,sgoldr2@hao123.com,Male,106.114.190.251
976,Cos,Duxfield,cduxfieldr3@va.gov,Male,96.15.248.127
977,Bartholemy,Coldtart,bcoldtartr4@fda.gov,Genderqueer,225.233.54.142
978,Virge,Donhardt,vdonhardtr5@wikipedia.org,Male,61.117.104.44
979,Angela,Halsey,ahalseyr6@narod.ru,Female,90.154.167.5
980,Chrisy,Bygraves,cbygravesr7@godaddy.com,Male,130.31.255.109
981,Raeann,Duell,rduellr8@adobe.com,Female,88.9.8.107
982,Darleen,Pea,dpear9@bbc.co.uk,Female,235.97.0.22
983,Christophorus,Gianninotti,cgianninottira@tamu.edu,Male,16.53.236.97
984,Pepito,Volleth,pvollethrb@themeforest.net,Male,183.255.114.165
985,Abe,Aspole,aaspolerc@over-blog.com,Male,95.87.222.190
986,Vale,Barniss,vbarnissrd@va.gov,Female,127.57.211.107
987,Marcelo,Annesley,mannesleyre@skype.com,Male,254.13.211.212
988,Batsheva,Stean,bsteanrf@deliciousdays.com,Female,214.213.76.57
989,Pennie,Bruntjen,pbruntjenrg@youtube.com,Female,201.110.185.51
990,Lucia,Saltmarshe,lsaltmarsherh@ted.com,Female,108.236.65.57
991,Dun,Parnham,dparnhamri@vk.com,Male,66.242.177.123
992,Woodrow,Kinkaid,wkinkaidrj@php.net,Male,196.24.194.189
993,Silas,Newcomen,snewcomenrk@posterous.com,Male,120.51.249.245
994,Tonie,Barthram,tbarthramrl@answers.com,Female,48.22.156.69
995,Trisha,Murley,tmurleyrm@home.pl,Female,249.65.222.157
996,Garrett,Hassell,ghassellrn@xinhuanet.com,Male,44.117.143.21
997,Alanna,Legerton,alegertonro@seesaa.net,Female,45.161.15.229
998,Angel,Beckhurst,abeckhurstrp@admin.ch,Female,28.166.63.226
999,Wendel,McCully,wmccullyrq@kickstarter.com,Male,137.2.79.5
1000,Forrest,Crummey,fcrummeyrr@g.co,Male,220.41.109.99
